<?xml version="1.0" encoding="utf-8"?>
<extension type="plugin" version="2.5" method="upgrade" group="payplans">
	<name>SN_PAYPLANS</name>
	<author>JOOMI.IR IT Group</author>
	<creationDate>August 2015</creationDate>
	<copyright>Copyright (C) 2011-2015 GavickPro. All rights reserved.</copyright>
	<license>GNU General Public License version 2 or later</license>
	<authorEmail>info@joomi.ir</authorEmail>
	<authorUrl>www.joomi.ir</authorUrl>
	<version>1.0.0</version>
	<description>SN_PAYPLANS_DESCRIPTION</description>

	<scriptfile>script.php</scriptfile>
	
	<files>
		<filename plugin="sn_payplans">sn_payplans.php</filename>
		<filename>sn_payplans.xml</filename>
		<filename>script.php</filename>
		<filename>index.html</filename>
		<folder>libraries</folder>
		<folder>snpayplans</folder>
	</files>

	<languages>
		<language tag="fa-IR">language/fa-IR/fa-IR.plg_payplans_sn_payplans.ini</language>
		<language tag="fa-IR">language/fa-IR/fa-IR.plg_payplans_sn_payplans.sys.ini</language>
		<language tag="en-GB">language/en-GB/en-GB.plg_payplans_sn_payplans.ini</language>
		<language tag="en-GB">language/en-GB/en-GB.plg_payplans_sn_payplans.sys.ini</language>
	</languages>
    
</extension>