<?xml version="1.0" encoding="utf-8"?>
<config>
    <name>پرداخت آنلاین</name>
	<author>JOOMI.IR IT Group</author>
    <authorEmail>info@joomi.ir</authorEmail>
    <authorUrl>http://www.joomi.ir</authorUrl>
	<copyright>Copyright (C) 2011-2015 GavickPro. All rights reserved.</copyright>
    <icon>sn-logo.png</icon>
    <description>پرداخت آنلاین</description>
    <tags>payment</tags>
    <help>پرداخت آنلاین</help>
	
	<fields name="app_params">
		<fieldset name="app_params">

			<field name="sn_pin" type="text" default="" label="SN_FIELD_PIN" description="SN_FIELD_PIN_DESC"/>
			<field name="sn_currency" type="list" default="1" label="SN_FIELD_CURRENCY" description="SN_FIELD_CURRENCY_DESC">
				<option value="0">SN_FIELD_CURRENCY_TOMAN</option>
				<option value="1">SN_FIELD_CURRENCY_RIAL</option>
			</field>
			<field name="sn_send_payer_info" type="list" default="1" label="SN_FIELD_SEND_PAYER_INFO" description="SN_FIELD_SEND_PAYER_INFO_DESC">
				<option value="1">SN_FIELD_ENABLE</option>
				<option value="0">SN_FIELD_DISABLE</option>
			</field>

		</fieldset>
	</fields>
	<alias>pp-snpayplans</alias>
	<documentation>http://www.readybytes.net/payplans/documentation/item/snpayplans.html</documentation>
	<version>1.0.0</version>
</config>

